Testing for 100 points,circleLineRandom
Run number,Execution time (s)
1,0.004583836
2,0.006005287
3,0.004544735
4,0.003533363
5,0.004593611
6,0.004418135
7,0.004742861
8,0.004185200
9,0.004581451
10,0.004834890
11,0.004589796
12,0.005004644
13,0.004050016
14,0.007031918
15,0.009572506
16,0.006260157
17,0.006001711
18,0.005544424
19,0.004263401
20,0.005039454
21,0.003457308
22,0.003054619
23,0.004555702
24,0.004174709
25,0.005214930
