Testing for 10000 points,circleLineRandom
Run number,Execution time (s)
1,33.981653690
2,33.716432333
3,35.981829882
4,34.331375599
5,33.774018049
