Testing for 1000 points,polygonPolygonRandom
Run number,Execution time (s)
1,0.083399773
2,0.097294569
3,0.099500418
4,0.128352642
5,0.092896461
6,0.077125311
7,0.085945606
8,0.081898689
9,0.113925695
10,0.092197895
11,0.110850096
12,0.090948343
13,0.088101864
14,0.106195688
15,0.080488205
