Testing for 100 points,polygonPolygonRandom
Run number,Execution time (s)
1,0.002236605
2,0.002510071
3,0.002036333
4,0.003569126
5,0.002201319
6,0.002047539
7,0.001348019
8,0.001510620
9,0.001318455
10,0.002238989
11,0.002233267
12,0.002033710
13,0.001511097
14,0.002034187
15,0.002015352
16,0.002017260
17,0.001534462
18,0.003131866
19,0.002644062
20,0.003512144
21,0.002327919
22,0.002049685
23,0.002492905
24,0.001068830
25,0.002008915
