Testing for 10000 points,lineLineRandom
Run number,Execution time (s)
1,19.256261349
2,18.331866264
3,17.704292774
4,17.517053604
5,17.601148844
