Testing for 5000 points,circleCircleRandom
Run number,Execution time (s)
1,8.164945364
2,8.602266788
3,8.328801155
4,10.168812990
5,12.043903589
6,12.660798311
7,9.425393343
8,8.579387426
9,8.216812849
10,7.113523960
