Testing for 1000 points,circleLineRandom
Run number,Execution time (s)
1,0.362853527
2,0.322609186
3,0.332360983
4,0.327899218
5,0.335972071
6,0.335766077
7,0.373632431
8,0.334656000
9,0.367718220
10,0.401531458
11,0.354633093
12,0.334466934
13,0.354428530
14,0.340202093
15,0.359640598
