Testing for 500 points,circleLineRandom
Run number,Execution time (s)
1,0.096929550
2,0.091490984
3,0.078618050
4,0.080242634
5,0.089372396
6,0.099036932
7,0.080806494
8,0.089443445
9,0.082704067
10,0.087644577
11,0.084628344
12,0.104269505
13,0.083942413
14,0.089995623
15,0.090943575
16,0.082075834
17,0.109765291
18,0.088645935
19,0.094046593
20,0.098071337
