Testing for 5000 points,circleLineRandom
Run number,Execution time (s)
1,8.370858669
2,8.617332697
3,8.628552437
4,8.465848684
5,8.535828114
6,8.296116829
7,9.829110146
8,8.481232882
9,8.752834558
10,8.404237509
