Testing for 10000 points,circleCircleRandom
Run number,Execution time (s)
1,35.071009398
2,36.663604498
3,32.097374439
4,23.603602409
5,23.604665279
