Testing for 5000 points,aabbRandom
Run number,Execution time (s)
1,0.949315071
2,0.852776289
3,0.794930935
4,0.872584105
5,0.944637537
6,0.874757051
7,0.852952480
8,0.848962069
9,0.937292337
10,0.934134960
