Testing for 1000 points,aabbRandom
Run number,Execution time (s)
1,0.041610003
2,0.043343067
3,0.041007757
4,0.044658184
5,0.033823967
6,0.041576862
7,0.033910036
8,0.032828093
9,0.045180321
10,0.047964096
11,0.035944462
12,0.037428617
13,0.042660236
14,0.032860279
15,0.053073883
