Testing for 10000 points,polygonPolygonRandom
Run number,Execution time (s)
1,9.766917467
2,9.145899057
3,9.795727730
4,9.993436813
5,9.942815065
