Testing for 1000 points,lineLineRandom
Run number,Execution time (s)
1,0.202909231
2,0.215051889
3,0.207153320
4,0.210590363
5,0.219455242
6,0.211910248
7,0.211696625
8,0.209929466
9,0.213265657
10,0.197296858
11,0.220214128
12,0.205998659
13,0.202888012
14,0.217194796
15,0.260066986
