Testing for 1000 points,circleCircleRandom
Run number,Execution time (s)
1,0.360471964
2,0.368023634
3,0.338019848
4,0.274760723
5,0.268911123
6,0.293197155
7,0.379426718
8,0.270856857
9,0.304507017
10,0.326597452
11,0.290856838
12,0.331292391
13,0.299996853
14,0.310166597
15,0.349329948
