Testing for 5000 points,lineLineRandom
Run number,Execution time (s)
1,4.791597843
2,4.814029932
3,4.851445436
4,4.584306955
5,4.773846626
6,4.899186134
7,4.692345142
8,4.740548372
9,4.696521997
10,4.662001610
