Testing for 500 points,circleCircleRandom
Run number,Execution time (s)
1,0.116920710
2,0.126073122
3,0.098234653
4,0.106204987
5,0.115549326
6,0.111937046
7,0.148105860
8,0.111345053
9,0.119423389
10,0.115309238
11,0.100813627
12,0.101996660
13,0.128669739
14,0.100274086
15,0.118304968
16,0.106191635
17,0.117086172
18,0.116655827
19,0.120140553
20,0.102989912
