Testing for 5000 points,polygonPolygonRandom
Run number,Execution time (s)
1,2.126960278
2,2.292500973
3,2.221887827
4,2.235110283
5,2.325759649
6,2.433933020
7,2.589835405
8,2.399826050
9,2.378282070
10,2.600364208
