Testing for 100 points,lineLineRandom
Run number,Execution time (s)
1,0.003733873
2,0.003047705
3,0.002006531
4,0.004102468
5,0.004326582
6,0.003056049
7,0.003914356
8,0.004617929
9,0.003511906
10,0.002055883
11,0.002529621
12,0.002444506
13,0.002053738
14,0.002183676
15,0.003385782
16,0.002464533
17,0.003500223
18,0.003381252
19,0.003552675
20,0.003702879
21,0.003014803
22,0.002098322
23,0.002017975
24,0.002559423
25,0.002032995
