Testing for 500 points,aabbRandom
Run number,Execution time (s)
1,0.011862755
2,0.011705399
3,0.018025160
4,0.012054205
5,0.010946035
6,0.007756710
7,0.009142160
8,0.012632132
9,0.010876656
10,0.009339094
11,0.015859604
12,0.011364937
13,0.012861490
14,0.010528564
15,0.011973858
16,0.009408474
17,0.008030176
18,0.008803606
19,0.010445356
20,0.008913994
