Testing for 500 points,lineLineRandom
Run number,Execution time (s)
1,0.047887087
2,0.053222179
3,0.058854342
4,0.076498508
5,0.053778887
6,0.056347847
7,0.057708263
8,0.092730045
9,0.072138786
10,0.052985191
11,0.058840513
12,0.049788237
13,0.051577568
14,0.065703392
15,0.049162865
16,0.070724249
17,0.049556017
18,0.050956964
19,0.049070835
20,0.049597979
