Testing for 100 points,circleCircleRandom
Run number,Execution time (s)
1,0.006625414
2,0.006571770
3,0.007276297
4,0.006326437
5,0.007003069
6,0.006621361
7,0.005961180
8,0.005502462
9,0.004507065
10,0.007436991
11,0.007905245
12,0.004658461
13,0.004744291
14,0.005930424
15,0.004827499
16,0.005231857
17,0.006527901
18,0.007045269
19,0.005712986
20,0.006038904
21,0.005006552
22,0.007840633
23,0.005575657
24,0.005022764
25,0.005495787
