Testing for 500 points,polygonPolygonRandom
Run number,Execution time (s)
1,0.025333881
2,0.028516293
3,0.025971174
4,0.024397850
5,0.026648521
6,0.037885666
7,0.032341480
8,0.022006750
9,0.026438236
10,0.023110867
11,0.025289536
12,0.025615931
13,0.024585724
14,0.023742437
15,0.027162790
16,0.022991180
17,0.033691883
18,0.023066759
19,0.022645712
20,0.024421453
