Testing for 100 points,aabbRandom
Run number,Execution time (s)
1,0.001023054
2,0.001383305
3,0.002438545
4,0.001003742
5,0.002283335
6,0.002005577
7,0.001010180
8,0.001263618
9,0.001201391
10,0.001003027
11,0.001011133
12,0.001001596
13,0.001067638
14,0.001002312
15,0.000000000
16,0.000000000
17,0.000000000
18,0.001024246
19,0.001038551
20,0.001015663
21,0.001278400
22,0.001012802
23,0.001011372
24,0.000000000
25,0.001999140
