Testing for 10000 points,aabbRandom
Run number,Execution time (s)
1,3.400898933
2,3.282510281
3,3.239184380
4,3.224868774
5,3.530631065
