Testing for 10000 points,polygonPolygonGridOverlap
Run number,Execution time (s)
1,7.071561098
2,7.065207958
3,7.121016502
4,7.280857086
5,6.985573292
