Testing for 500 points,circleCircleGridOverlap
Run number,Execution time (s)
1,0.020475626
2,0.021666527
3,0.034086466
4,0.020369291
5,0.019685268
6,0.016385794
7,0.016551018
8,0.017042160
9,0.021325350
10,0.019924641
11,0.020117283
12,0.017767191
13,0.016051531
14,0.016648293
15,0.020653963
16,0.018234015
17,0.018037319
18,0.018460751
19,0.021998882
20,0.015944958
