Testing for 10000 points,aabbGridOverlap
Run number,Execution time (s)
1,1.781651735
2,1.745022535
3,1.624553919
4,1.752077341
5,1.764168501
