Testing for 5000 points,circleLineGridOverlap
Run number,Execution time (s)
1,1.065219402
2,1.190682650
3,1.049639463
4,1.118034840
5,1.127461433
6,1.122391462
7,1.344954967
8,1.207500935
9,1.105380297
10,1.152522326
