Testing for 10000 points,lineLineGridOverlap
Run number,Execution time (s)
1,5.381932259
2,4.646409512
3,5.131222010
4,5.120185852
5,5.197593212
