Testing for 1000 points,lineLineGridOverlap
Run number,Execution time (s)
1,0.060955286
2,0.058313370
3,0.061141968
4,0.054940224
5,0.046808004
6,0.042800903
7,0.042352676
8,0.069848299
9,0.057963371
10,0.057650805
11,0.057437420
12,0.055186033
13,0.052441120
14,0.067063332
15,0.044720411
