Testing for 5000 points,circleCircleGridOverlap
Run number,Execution time (s)
1,0.784914255
2,0.777666092
3,0.824165344
4,0.688295841
5,0.880706310
6,0.744655371
7,0.821743250
8,0.707093239
9,0.727971792
10,0.804615736
