Testing for 1000 points,polygonPolygonGridOverlap
Run number,Execution time (s)
1,0.077367306
2,0.084635496
3,0.064615488
4,0.059835434
5,0.085782290
6,0.082134008
7,0.086538553
8,0.082605362
9,0.084645510
10,0.077440023
11,0.064477205
12,0.086318016
13,0.080488920
14,0.080474854
15,0.082967043
