Testing for 5000 points,polygonPolygonGridOverlap
Run number,Execution time (s)
1,1.024624109
2,1.042509556
3,0.974415779
4,1.011110067
5,1.040803909
6,1.014875650
7,1.007723808
8,1.011327028
9,1.005753517
10,0.986559868
