Testing for 100 points,circleCircleGridOverlap
Run number,Execution time (s)
1,0.001490593
2,0.002011538
3,0.002206326
4,0.002041817
5,0.002038956
6,0.000000000
7,0.001081944
8,0.001060963
9,0.002074957
10,0.002004147
11,0.001056194
12,0.001433611
13,0.000998259
14,0.001447916
15,0.002604485
16,0.001146793
17,0.001510620
18,0.002095222
19,0.001017094
20,0.002075911
21,0.001055956
22,0.001006126
23,0.001255035
24,0.000507593
25,0.002125740
