Testing for 500 points,circleLineGridOverlap
Run number,Execution time (s)
1,0.023411512
2,0.025360584
3,0.026279449
4,0.029890776
5,0.026742697
6,0.025685072
7,0.023707390
8,0.029338837
9,0.027906418
10,0.028617144
11,0.025694132
12,0.029105902
13,0.025147676
14,0.027478933
15,0.024748802
16,0.024145126
17,0.025421143
18,0.027082443
19,0.027751684
20,0.023308516
