Testing for 500 points,lineLineGridOverlap
Run number,Execution time (s)
1,0.014643431
2,0.018314600
3,0.015551090
4,0.017109394
5,0.014743805
6,0.012448788
7,0.015202522
8,0.014668941
9,0.022110701
10,0.014176369
11,0.013866186
12,0.018497944
13,0.014657974
14,0.014607668
15,0.014500856
16,0.015082121
17,0.017281771
18,0.017326355
19,0.017557621
20,0.017745972
