Testing for 100 points,polygonPolygonGridOverlap
Run number,Execution time (s)
1,0.002069473
2,0.001006365
3,0.002205610
4,0.002517939
5,0.002021790
6,0.002508163
7,0.002281189
8,0.002311230
9,0.003518343
10,0.002005100
11,0.001341820
12,0.002074480
13,0.002285719
14,0.003232956
15,0.001983166
16,0.002291203
17,0.002551556
18,0.002096176
19,0.002547026
20,0.001017332
21,0.003697634
22,0.002080679
23,0.003749847
24,0.002048016
25,0.002373934
