Testing for 10000 points,circleCircleGridOverlap
Run number,Execution time (s)
1,6.385955811
2,6.595726728
3,6.460438967
4,6.632298946
5,6.328490019
