Testing for 500 points,polygonPolygonGridOverlap
Run number,Execution time (s)
1,0.027199507
2,0.026251078
3,0.024388075
4,0.024639368
5,0.023594379
6,0.026317120
7,0.022751570
8,0.022700310
9,0.025672674
10,0.031673193
11,0.024794102
12,0.024484634
13,0.023867130
14,0.022089481
15,0.024083614
16,0.023526907
17,0.023198843
18,0.029322147
19,0.032114744
20,0.023487806
