Testing for 1000 points,aabbGridOverlap
Run number,Execution time (s)
1,0.020767689
2,0.021239042
3,0.019036770
4,0.018873692
5,0.019115448
6,0.020003319
7,0.022271872
8,0.021430016
9,0.018288136
10,0.019213438
11,0.019455671
12,0.019958019
13,0.020625114
14,0.020379305
15,0.019303560
