Testing for 1000 points,circleCircleGridOverlap
Run number,Execution time (s)
1,0.060793161
2,0.063747644
3,0.064922333
4,0.063164949
5,0.078635931
6,0.069581509
7,0.061265230
8,0.065276623
9,0.063760757
10,0.062411547
11,0.069971561
12,0.062675714
13,0.060778856
14,0.073811769
15,0.050400496
