Testing for 500 points,aabbGridOverlap
Run number,Execution time (s)
1,0.005535841
2,0.005942822
3,0.005106926
4,0.005123377
5,0.006284952
6,0.005497217
7,0.005968094
8,0.005271435
9,0.005126476
10,0.006147623
11,0.005511045
12,0.006758451
13,0.004266262
14,0.005577087
15,0.005592108
16,0.006015778
17,0.005038977
18,0.005542278
19,0.004034042
20,0.005703211
