Testing for 10000 points,circleLineGridOverlap
Run number,Execution time (s)
1,8.319122791
2,9.383956671
3,8.831369162
4,8.957266092
5,9.624539614
