Testing for 1000 points,circleLineGridOverlap
Run number,Execution time (s)
1,0.107722998
2,0.097659111
3,0.094963551
4,0.098758459
5,0.102085590
6,0.127859354
7,0.095763445
8,0.114428282
9,0.100038290
10,0.097951174
11,0.093920231
12,0.104511261
13,0.089412451
14,0.100335836
15,0.104194164
