Testing for 5000 points,aabbGridOverlap
Run number,Execution time (s)
1,0.229600668
2,0.206531763
3,0.224590302
4,0.235629082
5,0.201830387
6,0.224457979
7,0.222486019
8,0.209025383
9,0.222184181
10,0.213964701
