Testing for 5000 points,lineLineGridOverlap
Run number,Execution time (s)
1,0.634568214
2,0.659597874
3,0.584793806
4,0.685362101
5,0.614354372
6,0.612934589
7,0.662174225
8,0.614365101
9,0.692410707
10,0.687345505
