Testing for 100 points,lineLineGridOverlap
Run number,Execution time (s)
1,0.001007080
2,0.001078844
3,0.001003265
4,0.000000000
5,0.000000000
6,0.000000000
7,0.001339197
8,0.001010180
9,0.000000000
10,0.002030373
11,0.001074791
12,0.001030922
13,0.001009703
14,0.001525402
15,0.000000000
16,0.000701189
17,0.000000000
18,0.000000000
19,0.001011848
20,0.001079082
21,0.001001120
22,0.000000000
23,0.000000000
24,0.001028538
25,0.000000000
