Testing for 100 points,aabbGridOverlap
Run number,Execution time (s)
1,0.001424551
2,0.001004696
3,0.000000000
4,0.001035213
5,0.001465797
6,0.001058340
7,0.000829697
8,0.000000000
9,0.000000000
10,0.001749754
11,0.001017570
12,0.001016378
13,0.001035929
14,0.001585484
15,0.001567602
16,0.001567841
17,0.001644135
18,0.001605511
19,0.001617670
20,0.000000000
21,0.001001596
22,0.001036644
23,0.000509739
24,0.001051188
25,0.000000000
