Testing for 1000 points,aabbOverlap
Run number,Execution time (s)
1,0.009927273
2,0.007671833
3,0.007253647
4,0.008821964
5,0.008806944
6,0.008361340
7,0.011613607
8,0.007724524
9,0.008840799
10,0.010629892
11,0.007591486
12,0.008014679
13,0.009225845
14,0.005844355
15,0.008795023
