Testing for 5000 points,polygonPolygonOverlap
Run number,Execution time (s)
1,0.091665983
2,0.127812386
3,0.104129314
4,0.078630447
5,0.146773577
6,0.100226164
7,0.102529049
8,0.135255337
9,0.089797020
10,0.100210905
