Testing for 500 points,circleCircleOverlap
Run number,Execution time (s)
1,0.006521940
2,0.009880781
3,0.008879185
4,0.007298708
5,0.009957075
6,0.016524792
7,0.009435177
8,0.007562637
9,0.008003235
10,0.011081696
11,0.005509853
12,0.005930662
13,0.008135796
14,0.006199121
15,0.005949020
16,0.006611824
17,0.009771585
18,0.008454323
19,0.006111145
20,0.008488417
