Testing for 5000 points,circleCircleOverlap
Run number,Execution time (s)
1,0.078531742
2,0.079385519
3,0.085711002
4,0.081172943
5,0.088566542
6,0.078587532
7,0.082593918
8,0.080995798
9,0.079977274
10,0.088053942
