Testing for 1000 points,circleLineOverlap
Run number,Execution time (s)
1,0.010494947
2,0.010741234
3,0.011135817
4,0.011492968
5,0.009765148
6,0.012525320
7,0.010022879
8,0.009286404
9,0.009340525
10,0.011261702
11,0.009839296
12,0.008588791
13,0.017930984
14,0.011853218
15,0.009852409
