Testing for 1000 points,circleCircleOverlap
Run number,Execution time (s)
1,0.015735626
2,0.017692327
3,0.014710903
4,0.016381264
5,0.020484686
6,0.016031027
7,0.015273809
8,0.016004801
9,0.015057325
10,0.016809464
11,0.016102076
12,0.016565084
13,0.015758514
14,0.019832134
15,0.018930674
