Testing for 500 points,circleLineOverlap
Run number,Execution time (s)
1,0.005250692
2,0.004744053
3,0.005925417
4,0.006234169
5,0.005170584
6,0.004690886
7,0.007632732
8,0.006679535
9,0.007614136
10,0.004615784
11,0.005764961
12,0.005659819
13,0.006176710
14,0.004085302
15,0.005510330
16,0.006918907
17,0.005513191
18,0.006390572
19,0.004765987
20,0.005103350
