Testing for 100 points,polygonPolygonOverlap
Run number,Execution time (s)
1,0.002513409
2,0.003527403
3,0.003026962
4,0.002109766
5,0.003048182
6,0.003087521
7,0.003060341
8,0.003037930
9,0.002502918
10,0.002066851
11,0.000999689
12,0.003082275
13,0.002413988
14,0.002065659
15,0.003240108
16,0.002038956
17,0.001509190
18,0.002155542
19,0.002138615
20,0.002080441
21,0.001001596
22,0.002023935
23,0.001079321
24,0.002130985
25,0.001043320
