Testing for 500 points,lineLineOverlap
Run number,Execution time (s)
1,0.004306316
2,0.003122330
3,0.003070593
4,0.003526211
5,0.004001141
6,0.003244162
7,0.004256487
8,0.004653454
9,0.003296375
10,0.003075361
11,0.003618002
12,0.003624439
13,0.003079176
14,0.003843307
15,0.004977703
16,0.005232096
17,0.004521132
18,0.003052235
19,0.005414486
20,0.003568888
