Testing for 10000 points,polygonPolygonOverlap
Run number,Execution time (s)
1,0.230215311
2,0.160833359
3,0.255625248
4,0.166378498
5,0.137738228
