Testing for 10000 points,circleCircleOverlap
Run number,Execution time (s)
1,0.152250290
2,0.150776386
3,0.155597687
4,0.165418625
5,0.154789925
