Testing for 100 points,aabbOverlap
Run number,Execution time (s)
1,0.001001835
2,0.000000000
3,0.000000000
4,0.000000000
5,0.000000000
6,0.001526356
7,0.001465082
8,0.001020432
9,0.001030922
10,0.001051664
11,0.001496553
12,0.001512766
13,0.001019239
14,0.001319170
15,0.001363039
16,0.001070499
17,0.001038551
18,0.001025677
19,0.000000000
20,0.001119852
21,0.001080275
22,0.001258850
23,0.001030684
24,0.000000000
25,0.001008987
