Testing for 5000 points,aabbOverlap
Run number,Execution time (s)
1,0.039365292
2,0.036014318
3,0.033556938
4,0.043287039
5,0.039050817
6,0.038920879
7,0.038250446
8,0.043121099
9,0.038915873
10,0.038385153
