Testing for 5000 points,lineLineOverlap
Run number,Execution time (s)
1,0.036245346
2,0.037045717
3,0.034373760
4,0.034329653
5,0.029964685
6,0.027861834
7,0.037172556
8,0.036288023
9,0.041520119
10,0.037787199
