Testing for 100 points,lineLineOverlap
Run number,Execution time (s)
1,0.001000404
2,0.001026392
3,0.000000000
4,0.001004457
5,0.000000000
6,0.000000000
7,0.001006842
8,0.000000000
9,0.001011372
10,0.001511097
11,0.001023054
12,0.002079964
13,0.001019716
14,0.001067877
15,0.000000000
16,0.000000000
17,0.000000000
18,0.001015902
19,0.000000000
20,0.001021862
21,0.001017570
22,0.000000000
23,0.000000000
24,0.001509666
25,0.001003504
