Testing for 5000 points,circleLineOverlap
Run number,Execution time (s)
1,0.038541317
2,0.046021938
3,0.061713219
4,0.047157764
5,0.047134399
6,0.053475380
7,0.052211761
8,0.051886559
9,0.053305149
10,0.051017284
