Testing for 10000 points,aabbOverlap
Run number,Execution time (s)
1,0.078534365
2,0.076277494
3,0.073694468
4,0.086112499
5,0.075628996
