Testing for 500 points,polygonPolygonOverlap
Run number,Execution time (s)
1,0.012856007
2,0.018168688
3,0.007055044
4,0.010821581
5,0.009260178
6,0.013194561
7,0.015326262
8,0.009675503
9,0.016489983
10,0.010058403
11,0.014275074
12,0.015114546
13,0.011652946
14,0.009740591
15,0.009571791
16,0.009599447
17,0.015487432
18,0.009672880
19,0.009818792
20,0.012845039
