Testing for 500 points,aabbOverlap
Run number,Execution time (s)
1,0.004117727
2,0.004091501
3,0.004004478
4,0.003526926
5,0.005333662
6,0.004218817
7,0.005595922
8,0.005020857
9,0.005763531
10,0.004194736
11,0.003503561
12,0.004038095
13,0.004133224
14,0.002999306
15,0.005181551
16,0.004591942
17,0.003369808
18,0.004922628
19,0.004590750
20,0.006162882
