Testing for 1000 points,lineLineOverlap
Run number,Execution time (s)
1,0.009703636
2,0.007112980
3,0.010255575
4,0.007805347
5,0.008474112
6,0.007005215
7,0.007931948
8,0.007449627
9,0.006756544
10,0.007012844
11,0.008992672
12,0.008510590
13,0.007226229
14,0.006405830
15,0.009938002
