Testing for 10000 points,circleLineOverlap
Run number,Execution time (s)
1,0.100245476
2,0.090824842
3,0.097615719
4,0.100147486
5,0.133805513
