Testing for 100 points,circleLineOverlap
Run number,Execution time (s)
1,0.001019955
2,0.001121759
3,0.002033949
4,0.002324581
5,0.001013994
6,0.001109838
7,0.001998186
8,0.001208305
9,0.002582550
10,0.001018524
11,0.002015591
12,0.002150536
13,0.001453161
14,0.001025915
15,0.001013994
16,0.000532389
17,0.001043558
18,0.001017570
19,0.001255989
20,0.001105070
21,0.001012325
22,0.001035690
23,0.001025677
24,0.002206802
25,0.001025677
