Testing for 1000 points,polygonPolygonOverlap
Run number,Execution time (s)
1,0.023814201
2,0.014217138
3,0.023503065
4,0.028555632
5,0.031357527
6,0.013920546
7,0.025486231
8,0.029124260
9,0.022742987
10,0.019344807
11,0.016288280
12,0.023090601
13,0.020527840
14,0.022430420
15,0.027710438
