Testing for 10000 points,lineLineOverlap
Run number,Execution time (s)
1,0.072100878
2,0.067055702
3,0.095628500
4,0.073905945
5,0.072618008
