Testing for 100 points,circleCircleOverlap
Run number,Execution time (s)
1,0.002661705
2,0.002065182
3,0.001025915
4,0.001031876
5,0.002337933
6,0.002056599
7,0.002001524
8,0.002541304
9,0.002053738
10,0.002080202
11,0.002221346
12,0.003613710
13,0.002028227
14,0.002522230
15,0.001573086
16,0.002022028
17,0.002068281
18,0.001186132
19,0.001007080
20,0.002352238
21,0.001639605
22,0.002083302
23,0.003102303
24,0.002041578
25,0.004469395
