Testing for 100 points,circleLineNoOverlap
Run number,Execution time (s)
1,0.012393951
2,0.010987043
3,0.012963295
4,0.011109591
5,0.011602879
6,0.010086060
7,0.009813786
8,0.010905981
9,0.009931326
10,0.010709047
11,0.010810137
12,0.011996746
13,0.012012243
14,0.013370037
15,0.012792826
16,0.010017872
17,0.010841846
18,0.008979797
19,0.008982658
20,0.010339975
21,0.011515141
22,0.009131432
23,0.011251688
24,0.011548042
25,0.010051012
