Testing for 1000 points,circleCircleNoOverlap
Run number,Execution time (s)
1,0.832472086
2,0.879014969
3,0.900323868
4,0.839184523
5,0.906404972
6,0.887599230
7,0.931623220
8,0.856014729
9,0.838000774
10,0.884759665
11,0.848689079
12,0.852635145
13,0.850166082
14,0.823687553
15,0.901089191
