Testing for 500 points,circleCircleNoOverlap
Run number,Execution time (s)
1,0.238999367
2,0.197626591
3,0.232834339
4,0.204987288
5,0.206343889
6,0.199719429
7,0.213192940
8,0.201612949
9,0.203115702
10,0.217200041
11,0.209662437
12,0.206906080
13,0.210844755
14,0.217032909
15,0.222171783
16,0.205762148
17,0.235397100
18,0.211445570
19,0.232054949
20,0.250372887
