Testing for 500 points,lineLineNoOverlap
Run number,Execution time (s)
1,0.118401766
2,0.130898952
3,0.101786613
4,0.100501299
5,0.095660210
6,0.116150379
7,0.102460146
8,0.097774029
9,0.102943420
10,0.133806229
11,0.122823000
12,0.111974955
13,0.099998474
14,0.109500170
15,0.103977919
16,0.104420424
17,0.115485430
18,0.104775190
19,0.098824024
20,0.099004984
