Testing for 500 points,polygonPolygonNoOverlap
Run number,Execution time (s)
1,0.060950756
2,0.053908348
3,0.070693016
4,0.078679085
5,0.065046787
6,0.055723190
7,0.060580015
8,0.053420067
9,0.070849419
10,0.061701536
11,0.088562965
12,0.063343287
13,0.067513943
14,0.067113161
15,0.055630922
16,0.070848942
17,0.062593460
18,0.070055008
19,0.060727596
20,0.058064461
