Testing for 500 points,circleLineNoOverlap
Run number,Execution time (s)
1,0.235250473
2,0.204012394
3,0.226241112
4,0.211331844
5,0.216559172
6,0.222376108
7,0.217952251
8,0.220110416
9,0.218750954
10,0.234812021
11,0.218949795
12,0.214704514
13,0.273067713
14,0.236372471
15,0.222743034
16,0.250460625
17,0.234640121
18,0.215615749
19,0.217549562
20,0.247803211
