Testing for 5000 points,lineLineNoOverlap
Run number,Execution time (s)
1,9.061091661
2,9.005205393
3,8.965749502
4,8.884722948
5,10.525869846
6,8.862931252
7,9.189618349
8,9.115644932
9,8.981458187
10,9.005233049
