Testing for 10000 points,polygonPolygonNoOverlap
Run number,Execution time (s)
1,19.575001240
2,19.705172062
3,19.835418463
4,19.954710245
5,20.321376801
