Testing for 500 points,aabbNoOverlap
Run number,Execution time (s)
1,0.032688379
2,0.034816742
3,0.031780720
4,0.030978918
5,0.029181004
6,0.029798985
7,0.030040026
8,0.033837080
9,0.030285835
10,0.033454180
11,0.031980753
12,0.031777859
13,0.028881073
14,0.041938543
15,0.036483526
16,0.028648615
17,0.030038357
18,0.029529095
19,0.029231310
20,0.031320572
