Testing for 10000 points,circleLineNoOverlap
Run number,Execution time (s)
1,95.244163752
2,104.572720289
3,105.975064516
4,108.205743074
5,105.447672129
