Testing for 5000 points,aabbNoOverlap
Run number,Execution time (s)
1,3.226133823
2,2.985236645
3,3.210375786
4,3.412089109
5,3.225736380
6,3.109322548
7,3.202285290
8,3.377918959
9,3.277829170
10,3.094841957
