Testing for 10000 points,aabbNoOverlap
Run number,Execution time (s)
1,12.796057940
2,15.155373812
3,12.766288757
4,13.512442827
5,13.305495024
