Testing for 1000 points,lineLineNoOverlap
Run number,Execution time (s)
1,0.398740053
2,0.381206274
3,0.378443003
4,0.388713121
5,0.439209223
6,0.408809423
7,0.453746557
8,0.441105843
9,0.416143894
10,0.419837713
11,0.426158667
12,0.405405760
13,0.403748274
14,0.397416830
15,0.413569927
