Testing for 10000 points,lineLineNoOverlap
Run number,Execution time (s)
1,35.709925413
2,35.538602829
3,35.249476671
4,34.666869164
5,35.662399292
