Testing for 100 points,circleCircleNoOverlap
Run number,Execution time (s)
1,0.009976387
2,0.012043238
3,0.012076139
4,0.008832216
5,0.009564161
6,0.008620024
7,0.009704828
8,0.009128332
9,0.008684397
10,0.010102749
11,0.011104345
12,0.013668776
13,0.010593414
14,0.010529995
15,0.010741949
16,0.011086464
17,0.009908438
18,0.011564493
19,0.008552313
20,0.007787466
21,0.008062840
22,0.009768248
23,0.009733438
24,0.009601593
25,0.011506319
