Testing for 100 points,aabbNoOverlap
Run number,Execution time (s)
1,0.001203299
2,0.002008438
3,0.002073526
4,0.002151012
5,0.002017498
6,0.002028942
7,0.002365112
8,0.002004623
9,0.002048731
10,0.002488375
11,0.002194881
12,0.002577543
13,0.001000643
14,0.002203226
15,0.002002001
16,0.002014399
17,0.002250195
18,0.002300501
19,0.003146410
20,0.001507998
21,0.001605511
22,0.002129078
23,0.002530336
24,0.002029181
25,0.002019167
