Testing for 5000 points,circleLineNoOverlap
Run number,Execution time (s)
1,20.682003736
2,20.610739231
3,20.826445103
4,21.801818609
5,20.184788704
6,20.602534533
7,20.900220156
8,20.388665676
9,20.722349644
10,21.615931273
