Testing for 10000 points,circleCircleNoOverlap
Run number,Execution time (s)
1,94.202455044
2,98.285672903
3,93.212451458
4,96.639584541
5,97.961953402
