Testing for 1000 points,polygonPolygonNoOverlap
Run number,Execution time (s)
1,0.209233284
2,0.228969097
3,0.207725048
4,0.211955309
5,0.226974249
6,0.211303234
7,0.214357853
8,0.252707958
9,0.205648184
10,0.203876019
11,0.233713865
12,0.232497931
13,0.227799892
14,0.217519999
15,0.212452888
