Testing for 5000 points,circleCircleNoOverlap
Run number,Execution time (s)
1,21.748266697
2,22.399883747
3,21.957794428
4,21.751678467
5,23.780051231
6,22.113739729
7,22.137454510
8,23.572797537
9,23.934975386
10,23.635635853
