Testing for 1000 points,circleLineNoOverlap
Run number,Execution time (s)
1,0.902373552
2,0.884603500
3,0.873958826
4,0.874043703
5,0.847569227
6,0.852532387
7,0.876678944
8,0.861264229
9,0.858638763
10,0.857624292
11,0.893067598
12,0.871934175
13,1.121998072
14,0.935208321
15,0.935456514
