Testing for 100 points,lineLineNoOverlap
Run number,Execution time (s)
1,0.006734371
2,0.005374908
3,0.004511833
4,0.006000280
5,0.005029440
6,0.004318714
7,0.004022837
8,0.004568815
9,0.004534960
10,0.004557371
11,0.006027699
12,0.005845785
13,0.005290508
14,0.006312609
15,0.007118225
16,0.006590366
17,0.004652023
18,0.006158352
19,0.005045414
20,0.005151510
21,0.005913734
22,0.004542112
23,0.005029678
24,0.004542112
25,0.006069899
