Testing for 1000 points,aabbNoOverlap
Run number,Execution time (s)
1,0.127245903
2,0.121648073
3,0.120427847
4,0.121344805
5,0.117153645
6,0.132319689
7,0.119061470
8,0.167923689
9,0.120060682
10,0.143947363
11,0.118441820
12,0.118663549
13,0.134588957
14,0.119894028
15,0.139730692
