Testing for 100 points,polygonPolygonNoOverlap
Run number,Execution time (s)
1,0.003027439
2,0.004026890
3,0.003062963
4,0.003117800
5,0.004558802
6,0.003799438
7,0.003236532
8,0.005640745
9,0.003010273
10,0.003024101
11,0.003026724
12,0.003142595
13,0.004028320
14,0.003419876
15,0.003231764
16,0.004217625
17,0.003553867
18,0.004718065
19,0.004692078
20,0.003322840
21,0.003506422
22,0.003280640
23,0.004045486
24,0.002796173
25,0.003521681
