Testing for 5000 points,polygonPolygonNoOverlap
Run number,Execution time (s)
1,4.649260521
2,4.450618505
3,4.664335966
4,4.542159081
5,4.607089281
6,4.674449921
7,4.599691868
8,4.399175882
9,4.617764235
10,6.100851297
